{
    "train_acc": [
        0.25,
        0.225,
        0.475,
        0.475,
        0.475,
        0.45,
        0.625,
        0.475,
        0.8,
        0.55,
        0.675,
        0.7,
        0.525,
        0.8,
        0.8,
        0.825,
        0.825,
        0.825,
        0.8,
        0.85
    ],
    "train_loss": [
        1.609909677505493,
        1.5925909996032714,
        1.4845216274261475,
        1.4677507162094117,
        1.4486580610275268,
        1.4138922691345215,
        1.3650725603103637,
        1.3845688819885253,
        1.156025266647339,
        1.241091823577881,
        1.1816168069839477,
        1.1114867210388184,
        1.233931064605713,
        1.0084822297096252,
        1.0351371884346008,
        1.021971344947815,
        0.9338332653045655,
        0.9279204845428467,
        0.8845761537551879,
        0.874016261100769
    ],
    "val_acc": [
        0.175,
        0.25,
        0.3,
        0.425,
        0.55,
        0.6,
        0.675,
        0.7,
        0.725,
        0.75,
        0.8,
        0.875,
        0.9,
        0.9,
        0.9,
        0.9,
        0.925,
        0.925,
        0.9,
        0.925
    ],
    "val_loss": [
        1.5948180437088013,
        1.5401104927062987,
        1.4971912860870362,
        1.4458203554153441,
        1.3947929382324218,
        1.337995958328247,
        1.281780767440796,
        1.2235108852386474,
        1.166845965385437,
        1.110782766342163,
        1.0569709300994874,
        1.0130128860473633,
        0.9692984580993652,
        0.9239406585693359,
        0.8786553621292115,
        0.842873215675354,
        0.8142465353012085,
        0.7900774240493774,
        0.7693108558654785,
        0.761939525604248
    ]
}