{
    "train_acc": [
        0.2,
        0.3,
        0.3,
        0.425,
        0.55,
        0.425,
        0.575,
        0.6,
        0.65,
        0.5,
        0.55,
        0.775,
        0.625,
        0.75,
        0.525,
        0.625,
        0.825,
        0.725,
        0.775,
        0.775
    ],
    "train_loss": [
        1.9415284395217896,
        1.520157551765442,
        1.4706877708435058,
        1.534689712524414,
        1.3693459033966064,
        1.447121024131775,
        1.2821198940277099,
        1.2546656131744385,
        1.174068558216095,
        1.2807075738906861,
        1.117801570892334,
        0.9661072969436646,
        1.1118479013442992,
        1.0693182468414306,
        1.1941369771957397,
        1.0750728845596313,
        0.9225154519081116,
        0.8912171125411987,
        0.9770673036575317,
        0.9428643584251404
    ],
    "val_acc": [
        0.25,
        0.35,
        0.4,
        0.4,
        0.575,
        0.6,
        0.6,
        0.6,
        0.6,
        0.625,
        0.6,
        0.675,
        0.75,
        0.75,
        0.775,
        0.825,
        0.85,
        0.85,
        0.875,
        0.9
    ],
    "val_loss": [
        1.696213388442993,
        1.577103567123413,
        1.4983203887939454,
        1.3975947856903077,
        1.2911917924880982,
        1.1966895818710328,
        1.138386869430542,
        1.102524495124817,
        1.0817264795303345,
        1.048607349395752,
        1.016644048690796,
        0.986195707321167,
        0.9572862982749939,
        0.9222645998001099,
        0.8904094696044922,
        0.8624431848526001,
        0.843380618095398,
        0.8290151119232178,
        0.812866461277008,
        0.7951948046684265
    ]
}